"gameId","year","week","homeId","homeTeam","homeAbbr","awayId","awayTeam","awayAbbr","driveIndex","playIndex","offenseId","offenseTeam","offenseAbbr","defenseId","defenseTeam","defenseAbbr","homeScore","awayScore","quarter","clock","type","down","distance","yardLine","yardsGained","endYardLine","description"
"293462426",2009,15,"2426","Navy","NAVY","349","Army","ARMY","0","0","349","Army","ARMY","2426","Navy","NAVY",0,0,1,"14:45","Rush",1,10,55,3,52,"Trent Steelman rush for 3 yards to the Army 48."
"293462426",2009,15,"2426","Navy","NAVY","349","Army","ARMY","0","1","349","Army","ARMY","2426","Navy","NAVY",0,0,1,"14:21","Rush",2,7,52,3,49,"Patrick Mealy rush for 3 yards to the Navy 49."
"293462426",2009,15,"2426","Navy","NAVY","349","Army","ARMY","0","2","349","Army","ARMY","2426","Navy","NAVY",0,0,1,"13:48","Rush",3,4,49,-6,55,"Jameson Carter rush for a loss of 6 yards to the Army 45."
"293462426",2009,15,"2426","Navy","NAVY","349","Army","ARMY","0","3","349","Army","ARMY","2426","Navy","NAVY",0,0,1,"13:07","Punt",4,10,55,-1,17,"Jonathan Bulls punt for 37 yards, returned by Mario Washington for a loss of 1 yard to the Navy 17."
"293462426",2009,15,"2426","Navy","NAVY","349","Army","ARMY","1","0","2426","Navy","NAVY","349","Army","ARMY",0,0,1,"12:37","Rush",1,10,17,3,20,"Ricky Dobbs rush for 3 yards to the Navy 20."
"293462426",2009,15,"2426","Navy","NAVY","349","Army","ARMY","1","1","2426","Navy","NAVY","349","Army","ARMY",0,0,1,"12:24","Rush",2,7,20,1,21,"Vince Murray rush for 1 yard to the Navy 21."
"293462426",2009,15,"2426","Navy","NAVY","349","Army","ARMY","1","2","2426","Navy","NAVY","349","Army","ARMY",0,0,1,"11:40","Rush",3,6,21,5,26,"Ricky Dobbs rush for 5 yards to the Navy 26."
"293462426",2009,15,"2426","Navy","NAVY","349","Army","ARMY","1","3","2426","Navy","NAVY","349","Army","ARMY",0,0,1,"11:05","Timeout",4,1,26,0,26,"Timeout NAVY, clock 11:05."
"293462426",2009,15,"2426","Navy","NAVY","349","Army","ARMY","1","4","2426","Navy","NAVY","349","Army","ARMY",0,0,1,"10:58","Punt",4,1,26,0,58,"Kyle Delahooke punt for 32 yards, fair catch by Josh Jones at the Army 42."
"293462426",2009,15,"2426","Navy","NAVY","349","Army","ARMY","2","0","349","Army","ARMY","2426","Navy","NAVY",0,0,1,"10:52","Rush",1,10,58,11,47,"Patrick Mealy rush for 11 yards to the Navy 47 for a 1ST down."
"293462426",2009,15,"2426","Navy","NAVY","349","Army","ARMY","2","1","349","Army","ARMY","2426","Navy","NAVY",0,0,1,"10:15","Rush",1,10,47,3,44,"Kingsley Ehie rush for 3 yards to the Navy 44."
"293462426",2009,15,"2426","Navy","NAVY","349","Army","ARMY","2","2","349","Army","ARMY","2426","Navy","NAVY",0,0,1,"9:39","Rush",2,7,44,6,38,"Patrick Mealy rush for 6 yards to the Navy 38."
"293462426",2009,15,"2426","Navy","NAVY","349","Army","ARMY","2","3","349","Army","ARMY","2426","Navy","NAVY",0,0,1,"9:02","Rush",3,1,38,3,35,"Trent Steelman rush for 3 yards to the Navy 35 for a 1ST down."
"293462426",2009,15,"2426","Navy","NAVY","349","Army","ARMY","2","4","349","Army","ARMY","2426","Navy","NAVY",0,0,1,"8:45","Rush",1,10,35,2,33,"Patrick Mealy rush for 2 yards to the Navy 33."
"293462426",2009,15,"2426","Navy","NAVY","349","Army","ARMY","2","5","349","Army","ARMY","2426","Navy","NAVY",0,0,1,"8:18","Rush",2,8,33,3,30,"Patrick Mealy rush for 3 yards to the Navy 30."
"293462426",2009,15,"2426","Navy","NAVY","349","Army","ARMY","2","6","349","Army","ARMY","2426","Navy","NAVY",0,0,1,"7:39","Rush",3,5,30,0,30,"Jameson Carter rush for no gain to the Navy 30."
"293462426",2009,15,"2426","Navy","NAVY","349","Army","ARMY","2","7","349","Army","ARMY","2426","Navy","NAVY",0,0,1,"7:05","Field Goal Missed",4,5,30,47,30,"Alex Carlton 47 yard field goal MISSED."
"293462426",2009,15,"2426","Navy","NAVY","349","Army","ARMY","3","0","2426","Navy","NAVY","349","Army","ARMY",0,0,1,"6:56","Rush",1,10,30,4,34,"Ricky Dobbs rush for 4 yards to the Navy 34."
"293462426",2009,15,"2426","Navy","NAVY","349","Army","ARMY","3","1","2426","Navy","NAVY","349","Army","ARMY",0,0,1,"6:22","Rush",2,6,34,16,50,"Marcus Curry rush for 16 yards to the 50 yard line for a 1ST down."
"293462426",2009,15,"2426","Navy","NAVY","349","Army","ARMY","3","2","2426","Navy","NAVY","349","Army","ARMY",0,0,1,"5:53","Rush",1,10,50,1,51,"Vince Murray rush for 1 yard to the Army 49."
"293462426",2009,15,"2426","Navy","NAVY","349","Army","ARMY","3","3","2426","Navy","NAVY","349","Army","ARMY",0,0,1,"5:16","Rush",2,9,51,5,56,"Ricky Dobbs rush for 5 yards to the Army 44."
"293462426",2009,15,"2426","Navy","NAVY","349","Army","ARMY","3","4","2426","Navy","NAVY","349","Army","ARMY",0,0,1,"4:30","Rush",3,4,56,0,56,"Bobby Doyle rush for no gain to the Army 44."
"293462426",2009,15,"2426","Navy","NAVY","349","Army","ARMY","3","5","2426","Navy","NAVY","349","Army","ARMY",0,0,1,"3:55","Punt",4,4,56,0,72,"Kyle Delahooke punt for 16 yards, fair catch by Josh Jones at the Army 28."
"293462426",2009,15,"2426","Navy","NAVY","349","Army","ARMY","4","0","349","Army","ARMY","2426","Navy","NAVY",0,0,1,"3:55","Penalty",1,10,72,0,77,"ARMY penalty 5 yard false start accepted."
"293462426",2009,15,"2426","Navy","NAVY","349","Army","ARMY","4","1","349","Army","ARMY","2426","Navy","NAVY",0,0,1,"3:45","Rush",1,15,77,9,68,"Patrick Mealy rush for 9 yards to the Army 32."
"293462426",2009,15,"2426","Navy","NAVY","349","Army","ARMY","4","2","349","Army","ARMY","2426","Navy","NAVY",0,0,1,"3:17","Pass Incompletion",2,6,68,0,68,"Trent Steelman pass incomplete to Jameson Carter."
"293462426",2009,15,"2426","Navy","NAVY","349","Army","ARMY","4","3","349","Army","ARMY","2426","Navy","NAVY",0,0,1,"3:09","Rush",3,6,68,8,60,"Trent Steelman rush for 8 yards to the Army 40 for a 1ST down."
"293462426",2009,15,"2426","Navy","NAVY","349","Army","ARMY","4","4","349","Army","ARMY","2426","Navy","NAVY",0,0,1,"2:35","Rush",1,10,60,3,57,"Patrick Mealy rush for 3 yards to the Army 43."
"293462426",2009,15,"2426","Navy","NAVY","349","Army","ARMY","4","5","349","Army","ARMY","2426","Navy","NAVY",0,0,1,"2:00","Pass Incompletion",2,7,57,0,57,"Trent Steelman pass incomplete to Damion Hunter."
"293462426",2009,15,"2426","Navy","NAVY","349","Army","ARMY","4","6","349","Army","ARMY","2426","Navy","NAVY",0,0,1,"1:55","Sack",3,7,57,0,61,"Trent Steelman sacked for a loss of 4 yards to the Army 39."
"293462426",2009,15,"2426","Navy","NAVY","349","Army","ARMY","4","7","349","Army","ARMY","2426","Navy","NAVY",0,0,1,"1:28","Punt",4,11,61,5,28,"Jonathan Bulls punt for 38 yards, returned by Mario Washington for 5 yards to the Navy 28."
"293462426",2009,15,"2426","Navy","NAVY","349","Army","ARMY","5","0","2426","Navy","NAVY","349","Army","ARMY",0,0,1,"1:19","Pass Interception",1,10,28,26,12,"Ricky Dobbs pass intercepted by Steve Erzinger at the Navy 38, returned for 26 yards to the Navy 12."
"293462426",2009,15,"2426","Navy","NAVY","349","Army","ARMY","6","0","349","Army","ARMY","2426","Navy","NAVY",0,0,1,"0:32","Rush",1,10,12,5,7,"Trent Steelman rush for 5 yards to the Navy 7."
"293462426",2009,15,"2426","Navy","NAVY","349","Army","ARMY","6","1","349","Army","ARMY","2426","Navy","NAVY",0,0,1,"0:25","Rush",2,5,7,1,6,"Patrick Mealy rush for 1 yard to the Navy 6."
"293462426",2009,15,"2426","Navy","NAVY","349","Army","ARMY","6","2","349","Army","ARMY","2426","Navy","NAVY",0,0,1,"0:04","Pass Incompletion",3,4,6,0,6,"Trent Steelman pass incomplete to Alejandro Villanueva."
"293462426",2009,15,"2426","Navy","NAVY","349","Army","ARMY","6","3","349","Army","ARMY","2426","Navy","NAVY",0,3,1,"0:00","Field Goal Good",4,4,6,23,70,"Alex Carlton 23 yard field goal GOOD."
"293462426",2009,15,"2426","Navy","NAVY","349","Army","ARMY","6","4","349","Army","ARMY","2426","Navy","NAVY",0,3,2,"15:00","Kickoff",-1,-1,70,20,35,"Matthew Campbell kickoff for 55 yards returned by Alexander Teich for 20 yards to the Navy 35."
"293462426",2009,15,"2426","Navy","NAVY","349","Army","ARMY","7","0","2426","Navy","NAVY","349","Army","ARMY",0,3,2,"14:43","Rush",1,10,35,2,37,"Vince Murray rush for 2 yards to the Navy 37."
"293462426",2009,15,"2426","Navy","NAVY","349","Army","ARMY","7","1","2426","Navy","NAVY","349","Army","ARMY",0,3,2,"14:00","Rush",2,8,37,3,40,"Ricky Dobbs rush for 3 yards to the Navy 40."
"293462426",2009,15,"2426","Navy","NAVY","349","Army","ARMY","7","2","2426","Navy","NAVY","349","Army","ARMY",0,3,2,"13:15","Pass Completion",3,5,40,21,51,"Ricky Dobbs pass complete to Vince Murray for 21 yards to the Army 49, NAVY penalty 10 yard illegal block accepted for a 1ST down."
"293462426",2009,15,"2426","Navy","NAVY","349","Army","ARMY","7","3","2426","Navy","NAVY","349","Army","ARMY",0,3,2,"13:07","Rush",1,10,51,2,53,"Vince Murray rush for 2 yards, fumbled, recovered by Army at the Army 47."
"293462426",2009,15,"2426","Navy","NAVY","349","Army","ARMY","8","0","349","Army","ARMY","2426","Navy","NAVY",0,3,2,"12:57","Rush",1,10,53,-1,54,"Trent Steelman rush for a loss of 1 yard, fumbled, recovered by Army Trent Steelman at the Army 46."
"293462426",2009,15,"2426","Navy","NAVY","349","Army","ARMY","8","1","349","Army","ARMY","2426","Navy","NAVY",0,3,2,"12:22","Rush",2,11,54,6,48,"Jameson Carter rush for 6 yards to the Navy 48."
"293462426",2009,15,"2426","Navy","NAVY","349","Army","ARMY","8","2","349","Army","ARMY","2426","Navy","NAVY",0,3,2,"11:51","Rush",3,5,48,3,45,"Patrick Mealy rush for 3 yards to the Navy 45."
"293462426",2009,15,"2426","Navy","NAVY","349","Army","ARMY","8","3","349","Army","ARMY","2426","Navy","NAVY",0,3,2,"11:13","Punt",4,2,45,0,19,"Jonathan Bulls punt for 26 yards, fair catch by Mario Washington at the Navy 19."
"293462426",2009,15,"2426","Navy","NAVY","349","Army","ARMY","9","0","2426","Navy","NAVY","349","Army","ARMY",0,3,2,"11:05","Rush",1,10,19,1,20,"Vince Murray rush for 1 yard to the Navy 20."
"293462426",2009,15,"2426","Navy","NAVY","349","Army","ARMY","9","1","2426","Navy","NAVY","349","Army","ARMY",0,3,2,"10:28","Rush",2,9,20,13,33,"Ricky Dobbs rush for 13 yards to the Navy 33 for a 1ST down."
"293462426",2009,15,"2426","Navy","NAVY","349","Army","ARMY","9","2","2426","Navy","NAVY","349","Army","ARMY",0,3,2,"10:01","Rush",1,10,33,2,35,"Vince Murray rush for 2 yards to the Navy 35."
"293462426",2009,15,"2426","Navy","NAVY","349","Army","ARMY","9","3","2426","Navy","NAVY","349","Army","ARMY",0,3,2,"9:21","Penalty",2,8,35,0,25,"NAVY penalty 10 yard holding accepted."
"293462426",2009,15,"2426","Navy","NAVY","349","Army","ARMY","9","4","2426","Navy","NAVY","349","Army","ARMY",0,3,2,"9:21","Timeout",2,18,25,0,25,"Timeout ARMY, clock 09:21."
"293462426",2009,15,"2426","Navy","NAVY","349","Army","ARMY","9","5","2426","Navy","NAVY","349","Army","ARMY",0,3,2,"9:11","Rush",2,18,25,7,32,"Marcus Curry rush for 7 yards to the Navy 32."
"293462426",2009,15,"2426","Navy","NAVY","349","Army","ARMY","9","6","2426","Navy","NAVY","349","Army","ARMY",0,3,2,"8:40","Pass Incompletion",3,11,32,0,32,"Ricky Dobbs pass incomplete to Mario Washington."
"293462426",2009,15,"2426","Navy","NAVY","349","Army","ARMY","9","7","2426","Navy","NAVY","349","Army","ARMY",0,3,2,"8:28","Punt",4,11,32,3,81,"Kyle Delahooke punt for 52 yards, returned by Josh Jones for 3 yards to the Army 19."
"293462426",2009,15,"2426","Navy","NAVY","349","Army","ARMY","10","0","349","Army","ARMY","2426","Navy","NAVY",0,3,2,"8:21","Pass Incompletion",1,10,81,0,81,"Damion Hunter pass incomplete to Trent Steelman."
"293462426",2009,15,"2426","Navy","NAVY","349","Army","ARMY","10","1","349","Army","ARMY","2426","Navy","NAVY",0,3,2,"8:15","Penalty",2,10,81,0,86,"ARMY penalty 5 yard illegal shift accepted."
"293462426",2009,15,"2426","Navy","NAVY","349","Army","ARMY","10","2","349","Army","ARMY","2426","Navy","NAVY",0,3,2,"7:50","Rush",2,15,86,3,83,"Patrick Mealy rush for 3 yards to the Army 17."
"293462426",2009,15,"2426","Navy","NAVY","349","Army","ARMY","10","3","349","Army","ARMY","2426","Navy","NAVY",0,3,2,"7:00","Rush",3,12,83,10,73,"Kingsley Ehie rush for 10 yards to the Army 27."
"293462426",2009,15,"2426","Navy","NAVY","349","Army","ARMY","10","4","349","Army","ARMY","2426","Navy","NAVY",0,3,2,"6:10","Punt",4,2,73,0,29,"Jonathan Bulls punt for 44 yards, downed at the Navy 29."
"293462426",2009,15,"2426","Navy","NAVY","349","Army","ARMY","11","0","2426","Navy","NAVY","349","Army","ARMY",0,3,2,"6:02","Rush",1,10,29,5,34,"Marcus Curry rush for 5 yards to the Navy 34."
"293462426",2009,15,"2426","Navy","NAVY","349","Army","ARMY","11","1","2426","Navy","NAVY","349","Army","ARMY",0,3,2,"5:05","Rush",2,5,34,6,40,"Marcus Curry rush for 6 yards to the Navy 40 for a 1ST down."
"293462426",2009,15,"2426","Navy","NAVY","349","Army","ARMY","11","2","2426","Navy","NAVY","349","Army","ARMY",0,3,2,"5:00","Pass Incompletion",1,10,40,0,40,"Ricky Dobbs pass incomplete."
"293462426",2009,15,"2426","Navy","NAVY","349","Army","ARMY","11","3","2426","Navy","NAVY","349","Army","ARMY",0,3,2,"5:00","Timeout",2,10,40,0,40,"Timeout NAVY, clock 05:00."
"293462426",2009,15,"2426","Navy","NAVY","349","Army","ARMY","11","4","2426","Navy","NAVY","349","Army","ARMY",0,3,2,"4:45","Rush",2,10,40,1,41,"Ricky Dobbs rush for 1 yard to the Navy 41."
"293462426",2009,15,"2426","Navy","NAVY","349","Army","ARMY","11","5","2426","Navy","NAVY","349","Army","ARMY",0,3,2,"4:10","Penalty",3,9,41,0,31,"NAVY penalty 10 yard holding accepted."
"293462426",2009,15,"2426","Navy","NAVY","349","Army","ARMY","11","6","2426","Navy","NAVY","349","Army","ARMY",0,3,2,"3:38","Rush",3,19,31,11,42,"Ricky Dobbs rush for 11 yards to the Navy 42."
"293462426",2009,15,"2426","Navy","NAVY","349","Army","ARMY","11","7","2426","Navy","NAVY","349","Army","ARMY",0,3,2,"2:55","Punt",4,8,42,0,84,"Kyle Delahooke punt for 42 yards, fair catch by Josh Jones at the Army 16."
"293462426",2009,15,"2426","Navy","NAVY","349","Army","ARMY","12","0","349","Army","ARMY","2426","Navy","NAVY",0,3,2,"2:36","Rush",1,10,84,9,75,"Jameson Carter rush for 9 yards to the Army 25."
"293462426",2009,15,"2426","Navy","NAVY","349","Army","ARMY","12","1","349","Army","ARMY","2426","Navy","NAVY",0,3,2,"2:32","Timeout",2,1,75,0,75,"Timeout ARMY, clock 02:32."
"293462426",2009,15,"2426","Navy","NAVY","349","Army","ARMY","12","2","349","Army","ARMY","2426","Navy","NAVY",0,3,2,"2:24","Rush",2,1,75,-3,78,"Trent Steelman rush for a loss of 3 yards to the Army 22."
"293462426",2009,15,"2426","Navy","NAVY","349","Army","ARMY","12","3","349","Army","ARMY","2426","Navy","NAVY",0,3,2,"1:50","Rush",3,4,78,2,76,"Kingsley Ehie rush for 2 yards to the Army 24."
"293462426",2009,15,"2426","Navy","NAVY","349","Army","ARMY","12","4","349","Army","ARMY","2426","Navy","NAVY",0,3,2,"1:46","Timeout",4,2,76,0,76,"Timeout NAVY, clock 01:46."
"293462426",2009,15,"2426","Navy","NAVY","349","Army","ARMY","12","5","349","Army","ARMY","2426","Navy","NAVY",0,3,2,"1:36","Punt",4,2,76,0,39,"Jonathan Bulls punt for 37 yards, downed at the Navy 39."
"293462426",2009,15,"2426","Navy","NAVY","349","Army","ARMY","13","0","2426","Navy","NAVY","349","Army","ARMY",0,3,2,"1:24","Rush",1,10,39,-1,38,"Ricky Dobbs rush for a loss of 1 yard to the Navy 38."
"293462426",2009,15,"2426","Navy","NAVY","349","Army","ARMY","13","1","2426","Navy","NAVY","349","Army","ARMY",0,3,2,"1:09","Pass Incompletion",2,11,38,0,38,"Ricky Dobbs pass incomplete to Marcus Curry."
"293462426",2009,15,"2426","Navy","NAVY","349","Army","ARMY","13","2","2426","Navy","NAVY","349","Army","ARMY",0,3,2,"1:02","Rush",3,11,38,2,40,"Ricky Dobbs rush for 2 yards to the Navy 40."
"293462426",2009,15,"2426","Navy","NAVY","349","Army","ARMY","13","3","2426","Navy","NAVY","349","Army","ARMY",0,3,2,"1:02","Timeout",4,9,40,0,40,"Timeout ARMY, clock 01:02."
"293462426",2009,15,"2426","Navy","NAVY","349","Army","ARMY","13","4","2426","Navy","NAVY","349","Army","ARMY",0,3,2,"0:55","Punt",4,9,40,0,79,"Kyle Delahooke punt for 39 yards, fair catch by Josh Jones at the Army 21."
"293462426",2009,15,"2426","Navy","NAVY","349","Army","ARMY","14","0","349","Army","ARMY","2426","Navy","NAVY",0,3,2,"0:30","Rush",1,10,79,2,77,"Kingsley Ehie rush for 2 yards to the Army 23."
"293462426",2009,15,"2426","Navy","NAVY","349","Army","ARMY","14","1","349","Army","ARMY","2426","Navy","NAVY",0,3,2,"0:23","Pass Incompletion",2,8,77,0,77,"Trent Steelman pass incomplete."
"293462426",2009,15,"2426","Navy","NAVY","349","Army","ARMY","14","2","349","Army","ARMY","2426","Navy","NAVY",0,3,2,"0:00","Rush",3,8,77,-3,80,"Team rush for a loss of 3 yards to the Army 20."
"293462426",2009,15,"2426","Navy","NAVY","349","Army","ARMY","14","3","349","Army","ARMY","2426","Navy","NAVY",0,3,3,"15:00","Kickoff",-1,-1,70,22,32,"Matthew Campbell kickoff for 60 yards returned by Alexander Teich for 22 yards to the Navy 32."
"293462426",2009,15,"2426","Navy","NAVY","349","Army","ARMY","15","0","2426","Navy","NAVY","349","Army","ARMY",0,3,3,"14:55","Rush",1,10,32,1,33,"Ricky Dobbs rush for 1 yard to the Navy 33."
"293462426",2009,15,"2426","Navy","NAVY","349","Army","ARMY","15","1","2426","Navy","NAVY","349","Army","ARMY",0,3,3,"14:16","Rush",2,9,33,0,33,"Ricky Dobbs rush for no gain to the Navy 33."
"293462426",2009,15,"2426","Navy","NAVY","349","Army","ARMY","15","2","2426","Navy","NAVY","349","Army","ARMY",0,3,3,"13:33","Pass Completion",3,9,33,15,48,"Ricky Dobbs pass complete to Bobby Doyle for 15 yards to the Navy 48 for a 1ST down."
"293462426",2009,15,"2426","Navy","NAVY","349","Army","ARMY","15","3","2426","Navy","NAVY","349","Army","ARMY",0,3,3,"13:19","Rush",1,10,48,5,53,"Vince Murray rush for 5 yards to the Army 47."
"293462426",2009,15,"2426","Navy","NAVY","349","Army","ARMY","15","4","2426","Navy","NAVY","349","Army","ARMY",0,3,3,"12:38","Rush",2,5,53,8,61,"Ricky Dobbs rush for 8 yards to the Army 39 for a 1ST down."
"293462426",2009,15,"2426","Navy","NAVY","349","Army","ARMY","15","5","2426","Navy","NAVY","349","Army","ARMY",0,3,3,"12:08","Rush",1,10,61,0,61,"Vince Murray rush for no gain to the Army 39."
"293462426",2009,15,"2426","Navy","NAVY","349","Army","ARMY","15","6","2426","Navy","NAVY","349","Army","ARMY",0,3,3,"11:18","Rush",2,10,61,8,69,"Ricky Dobbs rush for 8 yards to the Army 31."
"293462426",2009,15,"2426","Navy","NAVY","349","Army","ARMY","15","7","2426","Navy","NAVY","349","Army","ARMY",0,3,3,"10:41","Rush",3,2,69,1,70,"Ricky Dobbs rush for 1 yard to the Army 30."
"293462426",2009,15,"2426","Navy","NAVY","349","Army","ARMY","15","8","2426","Navy","NAVY","349","Army","ARMY",0,3,3,"10:09","Timeout",4,1,70,0,70,"Timeout NAVY, clock 10:09."
"293462426",2009,15,"2426","Navy","NAVY","349","Army","ARMY","15","9","2426","Navy","NAVY","349","Army","ARMY",0,3,3,"10:06","Rush",4,1,70,3,73,"Ricky Dobbs rush for 3 yards to the Army 27 for a 1ST down."
"293462426",2009,15,"2426","Navy","NAVY","349","Army","ARMY","15","10","2426","Navy","NAVY","349","Army","ARMY",0,3,3,"9:30","Rush",1,10,73,2,75,"Ricky Dobbs rush for 2 yards to the Army 25."
"293462426",2009,15,"2426","Navy","NAVY","349","Army","ARMY","15","11","2426","Navy","NAVY","349","Army","ARMY",6,3,3,"8:55","Pass Completion",2,8,75,25,100,"Ricky Dobbs pass complete to Marcus Curry for 25 yards for a TOUCHDOWN."
"293462426",2009,15,"2426","Navy","NAVY","349","Army","ARMY","15","12","2426","Navy","NAVY","349","Army","ARMY",7,3,3,"8:55","Extra Point Good",-1,-1,97,0,30,"Joe Buckley extra point GOOD."
"293462426",2009,15,"2426","Navy","NAVY","349","Army","ARMY","15","13","2426","Navy","NAVY","349","Army","ARMY",0,3,3,"8:55","Kickoff",-1,-1,30,25,69,"Jon Teague kickoff for 64 yards returned by Damion Hunter for 25 yards to the Army 31."
"293462426",2009,15,"2426","Navy","NAVY","349","Army","ARMY","16","0","349","Army","ARMY","2426","Navy","NAVY",7,3,3,"8:33","Rush",1,10,69,5,64,"Kingsley Ehie rush for 5 yards to the Army 36."
"293462426",2009,15,"2426","Navy","NAVY","349","Army","ARMY","16","1","349","Army","ARMY","2426","Navy","NAVY",7,3,3,"8:04","Rush",2,5,64,1,63,"Patrick Mealy rush for 1 yard to the Army 37."
"293462426",2009,15,"2426","Navy","NAVY","349","Army","ARMY","16","2","349","Army","ARMY","2426","Navy","NAVY",7,3,3,"7:46","Rush",3,4,63,2,61,"Trent Steelman rush for 2 yards to the Army 39."
"293462426",2009,15,"2426","Navy","NAVY","349","Army","ARMY","16","3","349","Army","ARMY","2426","Navy","NAVY",7,3,3,"7:05","Punt",4,2,61,0,26,"Jonathan Bulls punt for 35 yards, downed at the Navy 26."
"293462426",2009,15,"2426","Navy","NAVY","349","Army","ARMY","17","0","2426","Navy","NAVY","349","Army","ARMY",7,3,3,"6:56","Rush",1,10,26,9,35,"Vince Murray rush for 9 yards to the Navy 35."
"293462426",2009,15,"2426","Navy","NAVY","349","Army","ARMY","17","1","2426","Navy","NAVY","349","Army","ARMY",7,3,3,"6:33","Rush",2,1,35,4,39,"Ricky Dobbs rush for 4 yards to the Navy 39 for a 1ST down."
"293462426",2009,15,"2426","Navy","NAVY","349","Army","ARMY","17","2","2426","Navy","NAVY","349","Army","ARMY",7,3,3,"5:30","Rush",1,10,39,4,43,"Ricky Dobbs rush for 4 yards to the Navy 43."
"293462426",2009,15,"2426","Navy","NAVY","349","Army","ARMY","17","3","2426","Navy","NAVY","349","Army","ARMY",7,3,3,"5:20","Rush",2,6,43,9,52,"Ricky Dobbs rush for 9 yards to the Army 48 for a 1ST down."
"293462426",2009,15,"2426","Navy","NAVY","349","Army","ARMY","17","4","2426","Navy","NAVY","349","Army","ARMY",7,3,3,"4:50","Penalty",1,10,52,0,57,"ARMY penalty 5 yard offside defense accepted."
"293462426",2009,15,"2426","Navy","NAVY","349","Army","ARMY","17","5","2426","Navy","NAVY","349","Army","ARMY",7,3,3,"4:30","Rush",1,5,57,4,61,"Vince Murray rush for 4 yards to the Army 39."
"293462426",2009,15,"2426","Navy","NAVY","349","Army","ARMY","17","6","2426","Navy","NAVY","349","Army","ARMY",7,3,3,"4:11","Rush",2,1,61,3,64,"Ricky Dobbs rush for 3 yards to the Army 36 for a 1ST down."
"293462426",2009,15,"2426","Navy","NAVY","349","Army","ARMY","17","7","2426","Navy","NAVY","349","Army","ARMY",7,3,3,"3:18","Rush",1,10,64,2,66,"Vince Murray rush for 2 yards to the Army 34."
"293462426",2009,15,"2426","Navy","NAVY","349","Army","ARMY","17","8","2426","Navy","NAVY","349","Army","ARMY",7,3,3,"2:46","Rush",2,8,66,9,75,"Vince Murray rush for 9 yards to the Army 25 for a 1ST down."
"293462426",2009,15,"2426","Navy","NAVY","349","Army","ARMY","17","9","2426","Navy","NAVY","349","Army","ARMY",7,3,3,"2:12","Rush",1,10,75,0,75,"Ricky Dobbs rush for no gain to the Army 25."
"293462426",2009,15,"2426","Navy","NAVY","349","Army","ARMY","17","10","2426","Navy","NAVY","349","Army","ARMY",7,3,3,"1:30","Rush",2,10,75,3,78,"Vince Murray rush for 3 yards to the Army 22."
"293462426",2009,15,"2426","Navy","NAVY","349","Army","ARMY","17","11","2426","Navy","NAVY","349","Army","ARMY",7,3,3,"0:53","Rush",3,7,78,3,81,"Ricky Dobbs rush for 3 yards to the Army 19."
"293462426",2009,15,"2426","Navy","NAVY","349","Army","ARMY","17","12","2426","Navy","NAVY","349","Army","ARMY",10,3,3,"0:11","Field Goal Good",4,4,81,36,30,"Joe Buckley 36 yard field goal GOOD."
"293462426",2009,15,"2426","Navy","NAVY","349","Army","ARMY","17","13","2426","Navy","NAVY","349","Army","ARMY",7,3,3,"0:11","Kickoff",-1,-1,30,22,66,"Jon Teague kickoff for 58 yards returned by Damion Hunter for 22 yards to the Army 34."
"293462426",2009,15,"2426","Navy","NAVY","349","Army","ARMY","18","0","349","Army","ARMY","2426","Navy","NAVY",10,3,3,"0:00","Rush",1,10,66,3,63,"Patrick Mealy rush for 3 yards to the Army 37."
"293462426",2009,15,"2426","Navy","NAVY","349","Army","ARMY","18","1","349","Army","ARMY","2426","Navy","NAVY",10,3,4,"14:39","Rush",2,7,63,8,55,"Jameson Carter rush for 8 yards to the Army 45 for a 1ST down."
"293462426",2009,15,"2426","Navy","NAVY","349","Army","ARMY","18","2","349","Army","ARMY","2426","Navy","NAVY",10,3,4,"13:59","Rush",1,10,55,4,51,"Kingsley Ehie rush for 4 yards to the Army 49."
"293462426",2009,15,"2426","Navy","NAVY","349","Army","ARMY","18","3","349","Army","ARMY","2426","Navy","NAVY",10,3,4,"13:36","Pass Completion",2,6,51,10,41,"Trent Steelman pass complete to Alejandro Villanueva for 10 yards to the Navy 41 for a 1ST down."
"293462426",2009,15,"2426","Navy","NAVY","349","Army","ARMY","18","4","349","Army","ARMY","2426","Navy","NAVY",10,3,4,"13:25","Rush",1,10,41,2,39,"Kingsley Ehie rush for 2 yards to the Navy 39."
"293462426",2009,15,"2426","Navy","NAVY","349","Army","ARMY","18","5","349","Army","ARMY","2426","Navy","NAVY",10,3,4,"12:44","Rush",2,8,39,0,39,"Patrick Mealy rush for no gain to the Navy 39."
"293462426",2009,15,"2426","Navy","NAVY","349","Army","ARMY","18","6","349","Army","ARMY","2426","Navy","NAVY",10,3,4,"12:00","Pass Completion",3,8,39,18,21,"Trent Steelman pass complete to Alejandro Villanueva for 18 yards, fumbled, recovered by Army Alejandro Villanueva at the Navy 21 for a 1ST down."
"293462426",2009,15,"2426","Navy","NAVY","349","Army","ARMY","18","7","349","Army","ARMY","2426","Navy","NAVY",10,3,4,"11:21","Rush",1,10,21,4,17,"Jameson Carter rush for 4 yards to the Navy 17."
"293462426",2009,15,"2426","Navy","NAVY","349","Army","ARMY","18","8","349","Army","ARMY","2426","Navy","NAVY",10,3,4,"11:04","Pass Incompletion",2,6,17,0,17,"Trent Steelman pass incomplete to Alejandro Villanueva."
"293462426",2009,15,"2426","Navy","NAVY","349","Army","ARMY","18","9","349","Army","ARMY","2426","Navy","NAVY",10,3,4,"10:55","Pass Completion",3,6,17,3,14,"Trent Steelman pass complete to Damion Hunter for 3 yards to the Navy 14."
"293462426",2009,15,"2426","Navy","NAVY","349","Army","ARMY","18","10","349","Army","ARMY","2426","Navy","NAVY",10,3,4,"10:21","Field Goal Missed",4,3,14,32,20,"Alex Carlton 32 yard field goal MISSED."
"293462426",2009,15,"2426","Navy","NAVY","349","Army","ARMY","19","0","2426","Navy","NAVY","349","Army","ARMY",10,3,4,"10:11","Rush",1,10,20,4,24,"Ricky Dobbs rush for 4 yards to the Navy 24."
"293462426",2009,15,"2426","Navy","NAVY","349","Army","ARMY","19","1","2426","Navy","NAVY","349","Army","ARMY",10,3,4,"9:22","Rush",2,6,24,-1,23,"Ricky Dobbs rush for a loss of 1 yard, fumbled, recovered by Navy Ricky Dobbs at the Navy 23."
"293462426",2009,15,"2426","Navy","NAVY","349","Army","ARMY","19","2","2426","Navy","NAVY","349","Army","ARMY",10,3,4,"8:46","Rush",3,7,23,0,23,"Ricky Dobbs rush for no gain to the Navy 23."
"293462426",2009,15,"2426","Navy","NAVY","349","Army","ARMY","19","3","2426","Navy","NAVY","349","Army","ARMY",10,3,4,"8:20","Punt",4,7,23,7,66,"Kyle Delahooke punt for 50 yards, returned by Josh Jones for 7 yards to the Army 34."
"293462426",2009,15,"2426","Navy","NAVY","349","Army","ARMY","20","0","349","Army","ARMY","2426","Navy","NAVY",10,3,4,"8:11","Rush",1,10,66,-2,88,"Kingsley Ehie rush, fumbled, recovered by Navy Craig Schaefer at the Army 32, Craig Schaefer for 20 yards, to the Army 12."
"293462426",2009,15,"2426","Navy","NAVY","349","Army","ARMY","21","0","2426","Navy","NAVY","349","Army","ARMY",10,3,4,"8:00","Rush",1,10,88,1,89,"Ricky Dobbs rush for 1 yard to the Army 11."
"293462426",2009,15,"2426","Navy","NAVY","349","Army","ARMY","21","1","2426","Navy","NAVY","349","Army","ARMY",10,3,4,"7:18","Rush",2,9,89,10,99,"Ricky Dobbs rush for 10 yards to the Army 1 for a 1ST down."
"293462426",2009,15,"2426","Navy","NAVY","349","Army","ARMY","21","2","2426","Navy","NAVY","349","Army","ARMY",10,3,4,"6:38","Rush",1,0,99,0,99,"Ricky Dobbs rush for no gain, fumbled, recovered by Navy Ricky Dobbs at the Army 1."
"293462426",2009,15,"2426","Navy","NAVY","349","Army","ARMY","21","3","2426","Navy","NAVY","349","Army","ARMY",16,3,4,"6:15","Rush",2,0,99,1,100,"Ricky Dobbs rush for 1 yard for a TOUCHDOWN."
"293462426",2009,15,"2426","Navy","NAVY","349","Army","ARMY","21","4","2426","Navy","NAVY","349","Army","ARMY",17,3,4,"6:15","Extra Point Good",-1,-1,97,0,30,"Joe Buckley extra point GOOD."
"293462426",2009,15,"2426","Navy","NAVY","349","Army","ARMY","21","5","2426","Navy","NAVY","349","Army","ARMY",17,3,4,"6:15","Kickoff",-1,-1,30,23,72,"Jon Teague kickoff for 65 yards returned by Damion Hunter for 23 yards to the Army 28."
"293462426",2009,15,"2426","Navy","NAVY","349","Army","ARMY","22","0","349","Army","ARMY","2426","Navy","NAVY",17,3,4,"6:04","Rush",1,10,72,5,67,"Trent Steelman rush for 5 yards to the Army 33."
"293462426",2009,15,"2426","Navy","NAVY","349","Army","ARMY","22","1","349","Army","ARMY","2426","Navy","NAVY",17,3,4,"5:45","Pass Completion",2,5,67,12,55,"Trent Steelman pass complete to Alejandro Villanueva for 12 yards to the Army 45 for a 1ST down."
"293462426",2009,15,"2426","Navy","NAVY","349","Army","ARMY","22","2","349","Army","ARMY","2426","Navy","NAVY",17,3,4,"5:25","Pass Completion",1,10,55,15,40,"Trent Steelman pass complete to Alejandro Villanueva for 15 yards to the Navy 40 for a 1ST down."
"293462426",2009,15,"2426","Navy","NAVY","349","Army","ARMY","22","3","349","Army","ARMY","2426","Navy","NAVY",17,3,4,"4:56","Rush",1,10,40,2,38,"Kingsley Ehie rush for 2 yards to the Navy 38."
"293462426",2009,15,"2426","Navy","NAVY","349","Army","ARMY","22","4","349","Army","ARMY","2426","Navy","NAVY",17,3,4,"4:37","Pass Incompletion",2,8,38,0,38,"Trent Steelman pass incomplete to Jameson Carter."
"293462426",2009,15,"2426","Navy","NAVY","349","Army","ARMY","22","5","349","Army","ARMY","2426","Navy","NAVY",17,3,4,"4:29","Rush",3,8,38,0,23,"Trent Steelman rush for no gain to the Navy 23, NAVY penalty 15 yard personal foul accepted for a 1ST down."
"293462426",2009,15,"2426","Navy","NAVY","349","Army","ARMY","22","6","349","Army","ARMY","2426","Navy","NAVY",17,3,4,"4:11","Pass Incompletion",1,10,23,0,23,"Trent Steelman pass incomplete to Alejandro Villanueva."
"293462426",2009,15,"2426","Navy","NAVY","349","Army","ARMY","22","7","349","Army","ARMY","2426","Navy","NAVY",17,3,4,"4:02","Pass Completion",2,10,23,12,11,"Trent Steelman pass complete to Patrick Mealy for 12 yards to the Navy 11 for a 1ST down."
"293462426",2009,15,"2426","Navy","NAVY","349","Army","ARMY","22","8","349","Army","ARMY","2426","Navy","NAVY",17,3,4,"3:35","Pass Completion",1,10,11,7,4,"Trent Steelman pass complete to Alejandro Villanueva for 7 yards to the Navy 4."
"293462426",2009,15,"2426","Navy","NAVY","349","Army","ARMY","22","9","349","Army","ARMY","2426","Navy","NAVY",17,3,4,"3:10","Penalty",2,3,4,0,9,"ARMY penalty 5 yard false start accepted."
"293462426",2009,15,"2426","Navy","NAVY","349","Army","ARMY","22","10","349","Army","ARMY","2426","Navy","NAVY",17,3,4,"2:47","Pass Incompletion",2,8,9,0,9,"Trent Steelman pass incomplete to Alejandro Villanueva."
"293462426",2009,15,"2426","Navy","NAVY","349","Army","ARMY","22","11","349","Army","ARMY","2426","Navy","NAVY",17,3,4,"2:43","Pass Incompletion",3,8,9,0,9,"Trent Steelman pass incomplete."
"293462426",2009,15,"2426","Navy","NAVY","349","Army","ARMY","22","12","349","Army","ARMY","2426","Navy","NAVY",17,3,4,"2:40","Timeout",4,8,9,0,9,"Timeout ARMY, clock 02:40."
"293462426",2009,15,"2426","Navy","NAVY","349","Army","ARMY","23","0","2426","Navy","NAVY","349","Army","ARMY",17,3,4,"2:32","Rush",1,10,20,5,25,"Ricky Dobbs rush for 5 yards to the Navy 25."
"293462426",2009,15,"2426","Navy","NAVY","349","Army","ARMY","23","1","2426","Navy","NAVY","349","Army","ARMY",17,3,4,"2:32","Rush",1,10,20,5,25,"Ricky Dobbs rush for 5 yards to the Navy 25."
"293462426",2009,15,"2426","Navy","NAVY","349","Army","ARMY","23","2","2426","Navy","NAVY","349","Army","ARMY",17,3,4,"2:30","Timeout",2,5,25,0,25,"Timeout ARMY, clock 02:30."
"293462426",2009,15,"2426","Navy","NAVY","349","Army","ARMY","23","3","2426","Navy","NAVY","349","Army","ARMY",17,3,4,"2:26","Rush",2,5,25,2,27,"Ricky Dobbs rush for 2 yards to the Navy 27."
"293462426",2009,15,"2426","Navy","NAVY","349","Army","ARMY","23","4","2426","Navy","NAVY","349","Army","ARMY",17,3,4,"2:26","Timeout",3,3,27,0,27,"Timeout ARMY, clock 02:26."
"293462426",2009,15,"2426","Navy","NAVY","349","Army","ARMY","23","5","2426","Navy","NAVY","349","Army","ARMY",17,3,4,"2:05","Rush",3,3,27,-1,26,"Ricky Dobbs rush for a loss of 1 yard to the Navy 26."
"293462426",2009,15,"2426","Navy","NAVY","349","Army","ARMY","23","6","2426","Navy","NAVY","349","Army","ARMY",17,3,4,"1:42","Timeout",4,4,26,0,26,"Timeout NAVY, clock 01:42."
"293462426",2009,15,"2426","Navy","NAVY","349","Army","ARMY","23","7","2426","Navy","NAVY","349","Army","ARMY",17,3,4,"1:27","Punt",4,4,26,0,88,"Kyle Delahooke punt for 52 yards, returned by Josh Jones for no gain to the Army 12, ARMY penalty 10 yard illegal block accepted."
"293462426",2009,15,"2426","Navy","NAVY","349","Army","ARMY","24","0","349","Army","ARMY","2426","Navy","NAVY",17,3,4,"1:23","Pass Incompletion",1,10,88,0,88,"Trent Steelman pass incomplete."
"293462426",2009,15,"2426","Navy","NAVY","349","Army","ARMY","24","1","349","Army","ARMY","2426","Navy","NAVY",17,3,4,"1:17","Pass Incompletion",2,10,88,0,88,"Trent Steelman pass incomplete."
"293462426",2009,15,"2426","Navy","NAVY","349","Army","ARMY","24","2","349","Army","ARMY","2426","Navy","NAVY",17,3,4,"1:09","Rush",3,10,88,-2,90,"Trent Steelman rush for a loss of 2 yards to the Army 10."
"293462426",2009,15,"2426","Navy","NAVY","349","Army","ARMY","24","3","349","Army","ARMY","2426","Navy","NAVY",17,3,4,"0:39","Pass Incompletion",4,12,90,0,90,"Trent Steelman pass incomplete to Jameson Carter."
"293462426",2009,15,"2426","Navy","NAVY","349","Army","ARMY","25","0","2426","Navy","NAVY","349","Army","ARMY",17,3,4,"0:00","Rush",1,0,90,-2,88,"Team rush for a loss of 2 yards to the Army 12."