"gameId","year","week","homeId","homeTeam","homeAbbr","awayId","awayTeam","awayAbbr","driveIndex","playIndex","offenseId","offenseTeam","offenseAbbr","defenseId","defenseTeam","defenseAbbr","homeScore","awayScore","quarter","clock","wallclock","type","down","distance","yardLine","yardsGained","endYardLine","description"
"400868921",2016,15,"349","Army","ARMY","2426","Navy","NAVY","0","0","349","Army","ARMY","2426","Navy","NAVY",0,0,1,"15:00","2016-12-11T04:13:25Z","Kickoff",1,10,35,19,68,"Mitchell Howard kickoff for 52 yds , Jahmaal Daniel return for 19 yds to the Navy 32"
"400868921",2016,15,"349","Army","ARMY","2426","Navy","NAVY","0","1","2426","Navy","NAVY","349","Army","ARMY",0,0,1,"14:50","2016-12-11T04:14:08Z","Rush",1,10,68,2,66,"Zach Abey run for 2 yds to the Navy 34"
"400868921",2016,15,"349","Army","ARMY","2426","Navy","NAVY","0","2","2426","Navy","NAVY","349","Army","ARMY",0,0,1,"14:25","2016-12-11T04:14:33Z","Rush",2,8,66,4,62,"Chris High run for 4 yds to the Navy 38"
"400868921",2016,15,"349","Army","ARMY","2426","Navy","NAVY","0","3","2426","Navy","NAVY","349","Army","ARMY",0,0,1,"13:30","2016-12-11T04:15:29Z","Rush",3,4,62,10,52,"Chris High run for 10 yds to the Navy 48 for a 1ST down"
"400868921",2016,15,"349","Army","ARMY","2426","Navy","NAVY","0","4","2426","Navy","NAVY","349","Army","ARMY",0,0,1,"12:50","2016-12-11T04:16:12Z","Rush",1,10,52,4,48,"Zach Abey run for 4 yds to the Army 48"
"400868921",2016,15,"349","Army","ARMY","2426","Navy","NAVY","0","5","2426","Navy","NAVY","349","Army","ARMY",0,0,1,"12:02","2016-12-11T04:18:43Z","Fumble Recovery (Opponent)",2,6,48,14,34,"Shawn White run for 14 yds to the Army 34 Shawn White fumbled, forced by Xavier Moss, recovered by Army Rhyan England"
"400868921",2016,15,"349","Army","ARMY","2426","Navy","NAVY","1","0","349","Army","ARMY","2426","Navy","NAVY",0,0,1,"11:50","2016-12-11T04:20:35Z","Rush",1,10,34,6,40,"Ahmad Bradshaw run for 6 yds to the Army 40"
"400868921",2016,15,"349","Army","ARMY","2426","Navy","NAVY","1","1","349","Army","ARMY","2426","Navy","NAVY",0,0,1,"11:20","2016-12-11T04:21:05Z","Rush",2,4,40,1,41,"Andy Davidson run for 1 yd to the Army 41"
"400868921",2016,15,"349","Army","ARMY","2426","Navy","NAVY","1","2","349","Army","ARMY","2426","Navy","NAVY",0,0,1,"10:20","2016-12-11T04:13:25Z","Rush",3,3,41,6,47,"Kell Walker run for 6 yds to the Army 47 for a 1ST down"
"400868921",2016,15,"349","Army","ARMY","2426","Navy","NAVY","1","3","349","Army","ARMY","2426","Navy","NAVY",0,0,1,"9:50","2016-12-11T04:13:25Z","Rush",1,10,47,6,53,"Kell Walker run for 6 yds to the Navy 47"
"400868921",2016,15,"349","Army","ARMY","2426","Navy","NAVY","1","4","349","Army","ARMY","2426","Navy","NAVY",0,0,1,"9:29","2016-12-11T04:23:15Z","Pass Incompletion",2,4,53,0,53,"Ahmad Bradshaw pass incomplete to Joe Walker"
"400868921",2016,15,"349","Army","ARMY","2426","Navy","NAVY","1","5","349","Army","ARMY","2426","Navy","NAVY",0,0,1,"9:00","2016-12-11T04:24:15Z","Rush",3,4,53,4,57,"Andy Davidson run for 4 yds to the Navy 43 for a 1ST down"
"400868921",2016,15,"349","Army","ARMY","2426","Navy","NAVY","1","6","349","Army","ARMY","2426","Navy","NAVY",0,0,1,"8:20","2016-12-11T04:24:56Z","Rush",1,10,57,2,59,"Kell Walker run for 2 yds to the Navy 41"
"400868921",2016,15,"349","Army","ARMY","2426","Navy","NAVY","1","7","349","Army","ARMY","2426","Navy","NAVY",0,0,1,"8:00","2016-12-11T04:13:25Z","Rush",2,8,59,9,68,"Ahmad Bradshaw run for 9 yds to the Navy 32 for a 1ST down"
"400868921",2016,15,"349","Army","ARMY","2426","Navy","NAVY","1","8","349","Army","ARMY","2426","Navy","NAVY",0,0,1,"7:10","2016-12-11T04:13:25Z","Rush",1,10,68,1,69,"Malik McGue run for 1 yd to the Navy 31"
"400868921",2016,15,"349","Army","ARMY","2426","Navy","NAVY","1","9","349","Army","ARMY","2426","Navy","NAVY",0,0,1,"6:30","2016-12-11T04:13:25Z","Rush",2,9,69,8,77,"John Trainor run for 8 yds to the Navy 23"
"400868921",2016,15,"349","Army","ARMY","2426","Navy","NAVY","1","10","349","Army","ARMY","2426","Navy","NAVY",0,0,1,"6:10","2016-12-11T04:27:17Z","Rush",3,1,77,6,83,"Andy Davidson run for 6 yds to the Navy 17 for a 1ST down"
"400868921",2016,15,"349","Army","ARMY","2426","Navy","NAVY","1","11","349","Army","ARMY","2426","Navy","NAVY",0,0,1,"5:15","2016-12-11T04:13:25Z","Rush",1,10,83,13,96,"Darnell Woolfolk run for 13 yds to the Navy 4 for a 1ST down"
"400868921",2016,15,"349","Army","ARMY","2426","Navy","NAVY","1","12","349","Army","ARMY","2426","Navy","NAVY",0,0,1,"4:45","2016-12-11T04:29:02Z","Rush",1,4,96,3,99,"Andy Davidson run for 3 yds to the Navy 1"
"400868921",2016,15,"349","Army","ARMY","2426","Navy","NAVY","1","13","349","Army","ARMY","2426","Navy","NAVY",7,0,1,"4:23","2016-12-11T04:13:25Z","Rushing Touchdown",2,0,99,1,100,"Andy Davidson 1 Yd Run (Blake Wilson Kick)"
"400868921",2016,15,"349","Army","ARMY","2426","Navy","NAVY","2","0","349","Army","ARMY","2426","Navy","NAVY",7,0,1,"4:23","2016-12-11T04:29:25Z","Kickoff",2,7,35,0,75,"Mitchell Howard kickoff for 65 yds for a touchback"
"400868921",2016,15,"349","Army","ARMY","2426","Navy","NAVY","2","1","2426","Navy","NAVY","349","Army","ARMY",7,0,1,"4:13","2016-12-11T04:35:55Z","Pass Interception Return",1,10,75,-5,32,"Zach Abey pass intercepted Xavier Moss return for a loss of 5 yards to the Army 32"
"400868921",2016,15,"349","Army","ARMY","2426","Navy","NAVY","3","0","349","Army","ARMY","2426","Navy","NAVY",7,0,1,"3:45","2016-12-11T04:37:19Z","Rush",1,10,32,6,38,"Kell Walker run for 6 yds to the Army 38"
"400868921",2016,15,"349","Army","ARMY","2426","Navy","NAVY","3","1","349","Army","ARMY","2426","Navy","NAVY",7,0,1,"3:00","2016-12-11T04:13:25Z","Rush",2,4,38,5,43,"Andy Davidson run for 5 yds to the Army 43 for a 1ST down"
"400868921",2016,15,"349","Army","ARMY","2426","Navy","NAVY","3","2","349","Army","ARMY","2426","Navy","NAVY",7,0,1,"2:35","2016-12-11T04:38:36Z","Rush",1,10,43,4,47,"Kell Walker run for 4 yds to the Army 47"
"400868921",2016,15,"349","Army","ARMY","2426","Navy","NAVY","3","3","349","Army","ARMY","2426","Navy","NAVY",7,0,1,"2:15","2016-12-11T04:38:56Z","Penalty",2,6,47,5,52,"NAVY Penalty, Defensive Offside (5 Yards) to the Navy 48"
"400868921",2016,15,"349","Army","ARMY","2426","Navy","NAVY","3","4","349","Army","ARMY","2426","Navy","NAVY",7,0,1,"2:00","2016-12-11T04:39:44Z","Rush",2,1,52,5,57,"Andy Davidson run for 5 yds to the Navy 43 for a 1ST down"
"400868921",2016,15,"349","Army","ARMY","2426","Navy","NAVY","3","5","349","Army","ARMY","2426","Navy","NAVY",7,0,1,"1:00","2016-12-11T04:40:51Z","Rush",1,10,57,0,57,"Darnell Woolfolk run for no gain to the Navy 43"
"400868921",2016,15,"349","Army","ARMY","2426","Navy","NAVY","3","6","349","Army","ARMY","2426","Navy","NAVY",7,0,1,"0:26","2016-12-11T04:41:25Z","Pass Interception Return",2,10,57,0,78,"Ahmad Bradshaw pass intercepted Sean Williams return for no gain to the Navy 22"
"400868921",2016,15,"349","Army","ARMY","2426","Navy","NAVY","4","0","2426","Navy","NAVY","349","Army","ARMY",7,0,1,"0:20","2016-12-11T04:44:31Z","Rush",1,10,78,1,77,"Zach Abey run for 1 yd to the Navy 23"
"400868921",2016,15,"349","Army","ARMY","2426","Navy","NAVY","4","1","2426","Navy","NAVY","349","Army","ARMY",7,0,1,"0:00","2016-12-11T04:44:51Z","End Period",0,10,0,0,77,"End of 1st Quarter"
"400868921",2016,15,"349","Army","ARMY","2426","Navy","NAVY","4","2","2426","Navy","NAVY","349","Army","ARMY",7,0,2,"14:50","2016-12-11T04:49:45Z","Rush",2,9,77,2,75,"Zach Abey run for 2 yds to the Navy 25"
"400868921",2016,15,"349","Army","ARMY","2426","Navy","NAVY","4","3","2426","Navy","NAVY","349","Army","ARMY",7,0,2,"13:50","2016-12-11T04:50:45Z","Rush",3,7,75,6,69,"Zach Abey run for 6 yds to the Navy 31"
"400868921",2016,15,"349","Army","ARMY","2426","Navy","NAVY","4","4","2426","Navy","NAVY","349","Army","ARMY",7,0,2,"13:27","2016-12-11T04:51:08Z","Punt",4,1,69,0,54,"Alex Barta punt for 15 yds, punt out-of-bounds at the Navy 46"
"400868921",2016,15,"349","Army","ARMY","2426","Navy","NAVY","5","0","349","Army","ARMY","2426","Navy","NAVY",7,0,2,"13:15","2016-12-11T04:54:52Z","Rush",1,10,54,5,59,"Kell Walker run for 5 yds to the Navy 41"
"400868921",2016,15,"349","Army","ARMY","2426","Navy","NAVY","5","1","349","Army","ARMY","2426","Navy","NAVY",7,0,2,"12:45","2016-12-11T04:49:36Z","Rush",2,5,59,7,66,"Andy Davidson run for 7 yds to the Navy 34 for a 1ST down"
"400868921",2016,15,"349","Army","ARMY","2426","Navy","NAVY","5","2","349","Army","ARMY","2426","Navy","NAVY",7,0,2,"12:10","2016-12-11T04:56:06Z","Rush",1,10,66,1,67,"Andy Davidson run for 1 yd to the Navy 33"
"400868921",2016,15,"349","Army","ARMY","2426","Navy","NAVY","5","3","349","Army","ARMY","2426","Navy","NAVY",7,0,2,"11:15","2016-12-11T04:57:03Z","Rush",2,9,67,1,68,"Tyler Campbell run for 1 yd to the Navy 32"
"400868921",2016,15,"349","Army","ARMY","2426","Navy","NAVY","5","4","349","Army","ARMY","2426","Navy","NAVY",7,0,2,"10:30","2016-12-11T04:57:53Z","Rush",3,8,68,9,77,"Kell Walker run for 9 yds to the Navy 23 for a 1ST down"
"400868921",2016,15,"349","Army","ARMY","2426","Navy","NAVY","5","5","349","Army","ARMY","2426","Navy","NAVY",7,0,2,"10:10","2016-12-11T04:58:13Z","Rush",1,10,77,5,82,"Kell Walker run for 5 yds to the Navy 18"
"400868921",2016,15,"349","Army","ARMY","2426","Navy","NAVY","5","6","349","Army","ARMY","2426","Navy","NAVY",7,0,2,"9:30","2016-12-11T04:49:36Z","Rush",2,5,82,1,83,"Ahmad Bradshaw run for 1 yd to the Navy 17"
"400868921",2016,15,"349","Army","ARMY","2426","Navy","NAVY","5","7","349","Army","ARMY","2426","Navy","NAVY",7,0,2,"8:45","2016-12-11T04:59:38Z","Rush",3,4,83,2,85,"Andy Davidson run for 2 yds to the Navy 15"
"400868921",2016,15,"349","Army","ARMY","2426","Navy","NAVY","5","8","349","Army","ARMY","2426","Navy","NAVY",7,0,2,"8:15","2016-12-11T05:00:15Z","Rush",4,2,85,3,88,"Andy Davidson run for 3 yds to the Navy 12 for a 1ST down"
"400868921",2016,15,"349","Army","ARMY","2426","Navy","NAVY","5","9","349","Army","ARMY","2426","Navy","NAVY",7,0,2,"7:40","2016-12-11T05:00:54Z","Rush",1,10,88,11,99,"Kell Walker run for 11 yds to the Navy 1 for a 1ST down"
"400868921",2016,15,"349","Army","ARMY","2426","Navy","NAVY","5","10","349","Army","ARMY","2426","Navy","NAVY",14,0,2,"7:12","2016-12-11T05:01:31Z","Rushing Touchdown",1,0,99,1,100,"Andy Davidson 1 Yd Run (Blake Wilson Kick)"
"400868921",2016,15,"349","Army","ARMY","2426","Navy","NAVY","6","0","349","Army","ARMY","2426","Navy","NAVY",14,0,2,"7:12","2016-12-11T05:01:31Z","Kickoff",1,10,35,23,67,"Mitchell Howard kickoff for 55 yds , Tre Walker return for 23 yds to the Navy 33"
"400868921",2016,15,"349","Army","ARMY","2426","Navy","NAVY","6","1","2426","Navy","NAVY","349","Army","ARMY",14,0,2,"7:00","2016-12-11T05:08:42Z","Rush",1,10,67,0,67,"Chris High run for no gain to the Navy 33"
"400868921",2016,15,"349","Army","ARMY","2426","Navy","NAVY","6","2","2426","Navy","NAVY","349","Army","ARMY",14,0,2,"6:55","2016-12-11T05:08:47Z","Sack",2,10,67,-6,73,"Zach Abey sacked by Jeremy Timpf and Alex Aukerman for a loss of 6 yards to the Navy 27"
"400868921",2016,15,"349","Army","ARMY","2426","Navy","NAVY","6","3","2426","Navy","NAVY","349","Army","ARMY",14,0,2,"5:20","2016-12-11T05:10:22Z","Pass Reception",3,16,73,12,61,"Zach Abey pass complete to Jamir Tillman for 12 yds to the Navy 39"
"400868921",2016,15,"349","Army","ARMY","2426","Navy","NAVY","6","4","2426","Navy","NAVY","349","Army","ARMY",14,0,2,"5:01","2016-12-11T05:10:41Z","Punt",4,4,61,0,14,"Alex Barta punt for 47 yds, fair catch by Malik McGue at the Army 14"
"400868921",2016,15,"349","Army","ARMY","2426","Navy","NAVY","7","0","349","Army","ARMY","2426","Navy","NAVY",14,0,2,"4:50","2016-12-11T05:13:57Z","Rush",1,10,14,11,25,"Jordan Asberry run for 11 yds to the Army 25 for a 1ST down"
"400868921",2016,15,"349","Army","ARMY","2426","Navy","NAVY","7","1","349","Army","ARMY","2426","Navy","NAVY",14,0,2,"4:10","2016-12-11T05:14:37Z","Rush",1,10,25,7,32,"Kell Walker run for 7 yds to the Army 32"
"400868921",2016,15,"349","Army","ARMY","2426","Navy","NAVY","7","2","349","Army","ARMY","2426","Navy","NAVY",14,0,2,"3:15","2016-12-11T05:15:32Z","Rush",2,3,32,2,34,"Andy Davidson run for 2 yds to the Army 34"
"400868921",2016,15,"349","Army","ARMY","2426","Navy","NAVY","7","3","349","Army","ARMY","2426","Navy","NAVY",14,0,2,"2:35","2016-12-11T05:16:14Z","Rush",3,1,34,6,40,"Andy Davidson run for 6 yds to the Army 40 for a 1ST down"
"400868921",2016,15,"349","Army","ARMY","2426","Navy","NAVY","7","4","349","Army","ARMY","2426","Navy","NAVY",14,0,2,"2:15","2016-12-11T05:16:34Z","Rush",1,10,40,3,43,"Andy Davidson run for 3 yds to the Army 43"
"400868921",2016,15,"349","Army","ARMY","2426","Navy","NAVY","7","5","349","Army","ARMY","2426","Navy","NAVY",14,0,2,"1:38","2016-12-11T05:17:11Z","Rush",2,7,43,0,43,"Jordan Asberry run for no gain to the Army 43"
"400868921",2016,15,"349","Army","ARMY","2426","Navy","NAVY","7","6","349","Army","ARMY","2426","Navy","NAVY",14,0,2,"1:38","2016-12-11T05:17:11Z","Timeout",3,7,43,0,43,"Timeout NAVY, clock 01:38"
"400868921",2016,15,"349","Army","ARMY","2426","Navy","NAVY","7","7","349","Army","ARMY","2426","Navy","NAVY",14,0,2,"1:32","2016-12-11T05:17:17Z","Rush",3,7,43,15,58,"Kell Walker run for 15 yds to the Navy 42 for a 1ST down"
"400868921",2016,15,"349","Army","ARMY","2426","Navy","NAVY","7","8","349","Army","ARMY","2426","Navy","NAVY",14,0,2,"1:20","2016-12-11T05:21:06Z","Fumble Recovery (Opponent)",1,10,58,0,58,"Andy Davidson run for no gain to the Navy 42 Andy Davidson fumbled, forced by Tyler Sayles, recovered by Navy Winn Howard"
"400868921",2016,15,"349","Army","ARMY","2426","Navy","NAVY","8","0","2426","Navy","NAVY","349","Army","ARMY",14,0,2,"1:10","2016-12-11T05:21:57Z","Pass Interception Return",1,10,58,3,40,"Zach Abey pass intercepted Rhyan England return for 3 yds to the Army 40"
"400868921",2016,15,"349","Army","ARMY","2426","Navy","NAVY","9","0","349","Army","ARMY","2426","Navy","NAVY",14,0,2,"1:00","2016-12-11T05:22:07Z","Rush",1,10,40,2,42,"Andy Davidson run for 2 yds to the Army 42"
"400868921",2016,15,"349","Army","ARMY","2426","Navy","NAVY","9","1","349","Army","ARMY","2426","Navy","NAVY",14,0,2,"0:30","2016-12-11T05:22:37Z","Rush",2,8,42,4,46,"Darnell Woolfolk run for 4 yds to the Army 46"
"400868921",2016,15,"349","Army","ARMY","2426","Navy","NAVY","9","2","349","Army","ARMY","2426","Navy","NAVY",14,0,2,"0:00","2016-12-11T05:23:07Z","End of Half",0,8,0,0,46,"End of 2nd Quarter"
"400868921",2016,15,"349","Army","ARMY","2426","Navy","NAVY","10","0","2426","Navy","NAVY","349","Army","ARMY",14,0,3,"15:00","2016-12-11T05:47:52Z","Kickoff",1,10,65,15,17,"Bennett Moehring kickoff for 63 yds , Elijah St. Hilaire return for 15 yds to the Army 17"
"400868921",2016,15,"349","Army","ARMY","2426","Navy","NAVY","10","1","349","Army","ARMY","2426","Navy","NAVY",14,0,3,"14:30","2016-12-11T05:48:57Z","Rush",1,10,17,3,20,"Andy Davidson run for 3 yds to the Army 20"
"400868921",2016,15,"349","Army","ARMY","2426","Navy","NAVY","10","2","349","Army","ARMY","2426","Navy","NAVY",14,0,3,"14:08","2016-12-11T05:50:04Z","Fumble Recovery (Opponent)",2,7,20,12,32,"Ahmad Bradshaw run for 12 yds to the Army 32 Ahmad Bradshaw fumbled, forced by Jarid Ryan, recovered by Navy Sean Williams"
"400868921",2016,15,"349","Army","ARMY","2426","Navy","NAVY","11","0","2426","Navy","NAVY","349","Army","ARMY",14,0,3,"14:00","2016-12-11T05:50:13Z","Rush",1,10,32,3,29,"Zach Abey run for 3 yds to the Army 29"
"400868921",2016,15,"349","Army","ARMY","2426","Navy","NAVY","11","1","2426","Navy","NAVY","349","Army","ARMY",14,0,3,"12:55","2016-12-11T05:51:18Z","Rush",2,7,29,2,27,"Zach Abey run for 2 yds to the Army 27"
"400868921",2016,15,"349","Army","ARMY","2426","Navy","NAVY","11","2","2426","Navy","NAVY","349","Army","ARMY",14,0,3,"12:49","2016-12-11T05:51:24Z","Timeout",3,5,27,0,27,"Timeout NAVY, clock 12:49"
"400868921",2016,15,"349","Army","ARMY","2426","Navy","NAVY","11","3","2426","Navy","NAVY","349","Army","ARMY",14,0,3,"12:25","2016-12-11T05:55:30Z","Pass Reception",3,5,27,16,11,"Zach Abey pass complete to Shawn White for 16 yds to the Army 11 for a 1ST down"
"400868921",2016,15,"349","Army","ARMY","2426","Navy","NAVY","11","4","2426","Navy","NAVY","349","Army","ARMY",14,0,3,"12:00","2016-12-11T05:55:55Z","Rush",1,10,11,7,4,"Shawn White run for 7 yds to the Army 4"
"400868921",2016,15,"349","Army","ARMY","2426","Navy","NAVY","11","5","2426","Navy","NAVY","349","Army","ARMY",14,0,3,"11:30","2016-12-11T05:47:52Z","Rush",2,3,4,3,1,"Zach Abey run for 3 yds to the Army 1 for a 1ST down"
"400868921",2016,15,"349","Army","ARMY","2426","Navy","NAVY","11","6","2426","Navy","NAVY","349","Army","ARMY",14,7,3,"11:23","2016-12-11T05:56:50Z","Rushing Touchdown",1,0,1,1,0,"Zach Abey 1 Yd Run (Bennett Moehring Kick)"
"400868921",2016,15,"349","Army","ARMY","2426","Navy","NAVY","12","0","2426","Navy","NAVY","349","Army","ARMY",14,7,3,"11:23","2016-12-11T05:56:50Z","Kickoff",1,10,65,24,28,"Bennett Moehring kickoff for 61 yds , Elijah St. Hilaire return for 24 yds to the Army 28"
"400868921",2016,15,"349","Army","ARMY","2426","Navy","NAVY","12","1","349","Army","ARMY","2426","Navy","NAVY",14,7,3,"11:00","2016-12-11T06:02:09Z","Rush",1,10,28,3,31,"Andy Davidson run for 3 yds to the Army 31"
"400868921",2016,15,"349","Army","ARMY","2426","Navy","NAVY","12","2","349","Army","ARMY","2426","Navy","NAVY",14,7,3,"10:30","2016-12-11T06:02:39Z","Rush",2,7,31,2,33,"Andy Davidson run for 2 yds to the Army 33"
"400868921",2016,15,"349","Army","ARMY","2426","Navy","NAVY","12","3","349","Army","ARMY","2426","Navy","NAVY",14,7,3,"9:55","2016-12-11T06:03:14Z","Rush",3,5,33,2,35,"Ahmad Bradshaw run for 2 yds to the Army 35"
"400868921",2016,15,"349","Army","ARMY","2426","Navy","NAVY","12","4","349","Army","ARMY","2426","Navy","NAVY",14,7,3,"9:19","2016-12-11T06:03:50Z","Punt",4,3,35,0,65,"J.D. Mote punt for 30 yds, downed at the Navy 35"
"400868921",2016,15,"349","Army","ARMY","2426","Navy","NAVY","13","0","2426","Navy","NAVY","349","Army","ARMY",14,7,3,"9:19","2016-12-11T06:06:43Z","Penalty",1,10,65,-5,70,"NAVY Penalty, False Start (-5 Yards) to the Navy 30"
"400868921",2016,15,"349","Army","ARMY","2426","Navy","NAVY","13","1","2426","Navy","NAVY","349","Army","ARMY",14,7,3,"9:00","2016-12-11T06:07:22Z","Rush",1,15,70,3,67,"Zach Abey run for 3 yds to the Navy 33"
"400868921",2016,15,"349","Army","ARMY","2426","Navy","NAVY","13","2","2426","Navy","NAVY","349","Army","ARMY",14,7,3,"8:20","2016-12-11T06:08:09Z","Pass Reception",2,12,67,29,38,"Zach Abey pass complete to Brandon Colon for 29 yds to the Army 38 for a 1ST down"
"400868921",2016,15,"349","Army","ARMY","2426","Navy","NAVY","13","3","2426","Navy","NAVY","349","Army","ARMY",14,7,3,"7:50","2016-12-11T06:08:39Z","Rush",1,10,38,3,35,"Chris High run for 3 yds to the Army 35"
"400868921",2016,15,"349","Army","ARMY","2426","Navy","NAVY","13","4","2426","Navy","NAVY","349","Army","ARMY",14,7,3,"7:10","2016-12-11T06:09:26Z","Pass Reception",2,7,35,9,26,"Zach Abey pass complete to Jamir Tillman for 9 yds to the Army 26 for a 1ST down"
"400868921",2016,15,"349","Army","ARMY","2426","Navy","NAVY","13","5","2426","Navy","NAVY","349","Army","ARMY",14,7,3,"6:45","2016-12-11T05:47:52Z","Rush",1,10,26,6,20,"Zach Abey run for 6 yds to the Army 20"
"400868921",2016,15,"349","Army","ARMY","2426","Navy","NAVY","13","6","2426","Navy","NAVY","349","Army","ARMY",14,7,3,"6:10","2016-12-11T06:10:26Z","Fumble Recovery (Own)",2,4,20,9,11,"Zach Abey run for 9 yds to the Army 11 Zach Abey fumbled, recovered by Navy for a 1ST down"
"400868921",2016,15,"349","Army","ARMY","2426","Navy","NAVY","13","7","2426","Navy","NAVY","349","Army","ARMY",14,7,3,"5:50","2016-12-11T05:47:52Z","Rush",1,10,11,1,10,"Zach Abey run for 1 yd to the Army 10"
"400868921",2016,15,"349","Army","ARMY","2426","Navy","NAVY","13","8","2426","Navy","NAVY","349","Army","ARMY",14,7,3,"5:05","2016-12-11T06:17:24Z","Rush",2,9,10,2,8,"Zach Abey run for 2 yds to the Army 8"
"400868921",2016,15,"349","Army","ARMY","2426","Navy","NAVY","13","9","2426","Navy","NAVY","349","Army","ARMY",14,7,3,"4:20","2016-12-11T06:18:09Z","Rush",3,7,8,-3,11,"Zach Abey run for a loss of 3 yards to the Army 11"
"400868921",2016,15,"349","Army","ARMY","2426","Navy","NAVY","13","10","2426","Navy","NAVY","349","Army","ARMY",14,10,3,"3:59","2016-12-11T06:18:30Z","Field Goal Good",4,10,11,28,11,"Bennett Moehring 28 Yd Field Goal "
"400868921",2016,15,"349","Army","ARMY","2426","Navy","NAVY","14","0","2426","Navy","NAVY","349","Army","ARMY",14,10,3,"3:59","2016-12-11T06:18:30Z","Kickoff",4,10,65,16,25,"Bennett Moehring kickoff for 56 yds , Elijah St. Hilaire return for 16 yds to the Army 25"
"400868921",2016,15,"349","Army","ARMY","2426","Navy","NAVY","14","1","349","Army","ARMY","2426","Navy","NAVY",14,10,3,"3:20","2016-12-11T06:23:25Z","Rush",1,10,25,4,29,"Andy Davidson run for 4 yds to the Army 29"
"400868921",2016,15,"349","Army","ARMY","2426","Navy","NAVY","14","2","349","Army","ARMY","2426","Navy","NAVY",14,10,3,"2:45","2016-12-11T06:24:04Z","Rush",2,6,29,17,46,"Tyler Campbell run for 17 yds to the Army 46 for a 1ST down"
"400868921",2016,15,"349","Army","ARMY","2426","Navy","NAVY","14","3","349","Army","ARMY","2426","Navy","NAVY",14,10,3,"2:00","2016-12-11T06:24:53Z","Rush",1,10,46,12,58,"Kell Walker run for 12 yds to the Navy 42 for a 1ST down"
"400868921",2016,15,"349","Army","ARMY","2426","Navy","NAVY","14","4","349","Army","ARMY","2426","Navy","NAVY",14,10,3,"1:39","2016-12-11T06:25:14Z","Rush",1,10,58,4,62,"Darnell Woolfolk run for 4 yds to the Navy 38"
"400868921",2016,15,"349","Army","ARMY","2426","Navy","NAVY","14","5","349","Army","ARMY","2426","Navy","NAVY",14,10,3,"1:22","2016-12-11T06:26:01Z","Fumble Recovery (Opponent)",2,6,62,2,64,"Andy Davidson run for 2 yds to the Navy 36 Andy Davidson fumbled, forced by Jackson Pittman, recovered by Navy Sean Williams"
"400868921",2016,15,"349","Army","ARMY","2426","Navy","NAVY","15","0","2426","Navy","NAVY","349","Army","ARMY",14,10,3,"1:15","2016-12-11T06:27:06Z","Pass Incompletion",1,10,64,0,64,"Zach Abey pass incomplete to Jamir Tillman"
"400868921",2016,15,"349","Army","ARMY","2426","Navy","NAVY","15","1","2426","Navy","NAVY","349","Army","ARMY",14,10,3,"0:45","2016-12-11T06:28:17Z","Rush",2,10,64,2,62,"Zach Abey run for 2 yds to the Navy 38"
"400868921",2016,15,"349","Army","ARMY","2426","Navy","NAVY","15","2","2426","Navy","NAVY","349","Army","ARMY",14,10,3,"0:27","2016-12-11T06:28:35Z","Timeout",3,8,62,0,62,"Timeout NAVY, clock 00:27"
"400868921",2016,15,"349","Army","ARMY","2426","Navy","NAVY","15","3","2426","Navy","NAVY","349","Army","ARMY",14,10,3,"0:27","2016-12-11T06:28:35Z","Penalty",3,8,62,-5,67,"NAVY Penalty, False Start (-5 Yards) to the Navy 33"
"400868921",2016,15,"349","Army","ARMY","2426","Navy","NAVY","15","4","2426","Navy","NAVY","349","Army","ARMY",14,10,3,"0:20","2016-12-11T06:31:29Z","Pass Incompletion",3,13,67,0,67,"Zach Abey pass incomplete to Jamir Tillman"
"400868921",2016,15,"349","Army","ARMY","2426","Navy","NAVY","15","5","2426","Navy","NAVY","349","Army","ARMY",14,10,3,"0:07","2016-12-11T06:32:51Z","Punt",4,13,67,0,21,"Alex Barta punt for 46 yds, downed at the Army 21"
"400868921",2016,15,"349","Army","ARMY","2426","Navy","NAVY","16","0","349","Army","ARMY","2426","Navy","NAVY",14,10,3,"0:01","2016-12-11T06:32:57Z","Rush",1,10,21,4,25,"Ahmad Bradshaw run for 4 yds to the Army 25"
"400868921",2016,15,"349","Army","ARMY","2426","Navy","NAVY","16","1","349","Army","ARMY","2426","Navy","NAVY",14,10,3,"0:00","2016-12-11T06:32:58Z","End Period",0,10,0,0,25,"End of 3rd Quarter"
"400868921",2016,15,"349","Army","ARMY","2426","Navy","NAVY","16","2","349","Army","ARMY","2426","Navy","NAVY",14,10,4,"14:55","2016-12-11T06:37:27Z","Rush",2,6,25,0,25,"Kell Walker run for no gain to the Army 25"
"400868921",2016,15,"349","Army","ARMY","2426","Navy","NAVY","16","3","349","Army","ARMY","2426","Navy","NAVY",14,10,4,"14:05","2016-12-11T06:38:17Z","Rush",3,6,25,3,28,"Kell Walker run for 3 yds to the Army 28"
"400868921",2016,15,"349","Army","ARMY","2426","Navy","NAVY","16","4","349","Army","ARMY","2426","Navy","NAVY",14,10,4,"13:29","2016-12-11T06:38:53Z","Punt",4,3,28,0,53,"J.D. Mote punt for 25 yds, downed at the Navy 47"
"400868921",2016,15,"349","Army","ARMY","2426","Navy","NAVY","17","0","2426","Navy","NAVY","349","Army","ARMY",14,10,4,"13:20","2016-12-11T06:42:33Z","Pass Reception",1,10,53,12,41,"Zach Abey pass complete to Jamir Tillman for 12 yds to the Army 41 for a 1ST down"
"400868921",2016,15,"349","Army","ARMY","2426","Navy","NAVY","17","1","2426","Navy","NAVY","349","Army","ARMY",14,17,4,"12:42","2016-12-11T06:43:11Z","Rushing Touchdown",1,10,41,41,0,"Zach Abey 41 Yd Run (Bennett Moehring Kick)"
"400868921",2016,15,"349","Army","ARMY","2426","Navy","NAVY","18","0","2426","Navy","NAVY","349","Army","ARMY",14,17,4,"12:42","2016-12-11T06:43:48Z","Kickoff",1,10,65,7,20,"Bennett Moehring kickoff for 52 yds , Elijah St. Hilaire return for 7 yds to the Army 20"
"400868921",2016,15,"349","Army","ARMY","2426","Navy","NAVY","18","1","349","Army","ARMY","2426","Navy","NAVY",14,17,4,"12:35","2016-12-11T06:47:32Z","Pass Reception",1,10,20,29,49,"Ahmad Bradshaw pass complete to Edgar Poe for 29 yds to the Army 49 for a 1ST down"
"400868921",2016,15,"349","Army","ARMY","2426","Navy","NAVY","18","2","349","Army","ARMY","2426","Navy","NAVY",14,17,4,"12:00","2016-12-11T06:48:46Z","Rush",1,10,49,9,58,"Andy Davidson run for 9 yds to the Navy 42"
"400868921",2016,15,"349","Army","ARMY","2426","Navy","NAVY","18","3","349","Army","ARMY","2426","Navy","NAVY",14,17,4,"11:05","2016-12-11T06:49:46Z","Rush",2,1,58,2,60,"Darnell Woolfolk run for 2 yds to the Navy 40 for a 1ST down"
"400868921",2016,15,"349","Army","ARMY","2426","Navy","NAVY","18","4","349","Army","ARMY","2426","Navy","NAVY",14,17,4,"10:45","2016-12-11T06:50:06Z","Rush",1,10,60,0,60,"Kell Walker run for no gain to the Navy 40"
"400868921",2016,15,"349","Army","ARMY","2426","Navy","NAVY","18","5","349","Army","ARMY","2426","Navy","NAVY",14,17,4,"9:35","2016-12-11T06:51:16Z","Rush",2,10,60,7,67,"Jordan Asberry run for 7 yds to the Navy 33"
"400868921",2016,15,"349","Army","ARMY","2426","Navy","NAVY","18","6","349","Army","ARMY","2426","Navy","NAVY",14,17,4,"9:20","2016-12-11T06:51:31Z","Rush",3,3,67,6,73,"Ahmad Bradshaw run for 6 yds to the Navy 27 for a 1ST down"
"400868921",2016,15,"349","Army","ARMY","2426","Navy","NAVY","18","7","349","Army","ARMY","2426","Navy","NAVY",14,17,4,"8:32","2016-12-11T06:52:24Z","Rush",1,10,73,0,73,"Andy Davidson run for no gain to the Navy 27"
"400868921",2016,15,"349","Army","ARMY","2426","Navy","NAVY","18","8","349","Army","ARMY","2426","Navy","NAVY",14,17,4,"7:55","2016-12-11T06:53:14Z","Rush",2,10,73,3,76,"Kell Walker run for 3 yds to the Navy 24"
"400868921",2016,15,"349","Army","ARMY","2426","Navy","NAVY","18","9","349","Army","ARMY","2426","Navy","NAVY",14,17,4,"7:12","2016-12-11T06:54:17Z","Pass Reception",3,7,76,6,82,"Ahmad Bradshaw pass complete to Joe Walker for 6 yds to the Navy 18"
"400868921",2016,15,"349","Army","ARMY","2426","Navy","NAVY","18","10","349","Army","ARMY","2426","Navy","NAVY",14,17,4,"6:55","2016-12-11T06:57:39Z","Rush",4,1,82,7,89,"Andy Davidson run for 7 yds to the Navy 11 for a 1ST down"
"400868921",2016,15,"349","Army","ARMY","2426","Navy","NAVY","18","11","349","Army","ARMY","2426","Navy","NAVY",14,17,4,"6:20","2016-12-11T06:37:23Z","Rush",1,10,89,2,91,"Andy Davidson run for 2 yds to the Navy 9"
"400868921",2016,15,"349","Army","ARMY","2426","Navy","NAVY","18","12","349","Army","ARMY","2426","Navy","NAVY",21,17,4,"6:00","2016-12-11T06:58:34Z","Rushing Touchdown",2,8,91,9,100,"Ahmad Bradshaw 9 Yd Run (Blake Wilson Kick)"
"400868921",2016,15,"349","Army","ARMY","2426","Navy","NAVY","19","0","349","Army","ARMY","2426","Navy","NAVY",21,17,4,"6:00","2016-12-11T06:58:34Z","Kickoff",2,8,35,19,66,"Mitchell Howard kickoff for 50 yds , Dishan Romine return for 19 yds to the Navy 34"
"400868921",2016,15,"349","Army","ARMY","2426","Navy","NAVY","19","1","2426","Navy","NAVY","349","Army","ARMY",21,17,4,"5:35","2016-12-11T07:06:07Z","Sack",1,10,66,-6,72,"Zach Abey sacked by Jeremy Timpf and Alex Aukerman for a loss of 6 yards to the Navy 28"
"400868921",2016,15,"349","Army","ARMY","2426","Navy","NAVY","19","2","2426","Navy","NAVY","349","Army","ARMY",21,17,4,"4:50","2016-12-11T06:37:23Z","Pass Reception",2,16,72,11,61,"Zach Abey pass complete to Shawn White for 11 yds to the Navy 39"
"400868921",2016,15,"349","Army","ARMY","2426","Navy","NAVY","19","3","2426","Navy","NAVY","349","Army","ARMY",21,17,4,"4:35","2016-12-11T06:37:23Z","Rush",3,5,61,1,60,"Shawn White run for 1 yd to the Navy 40"
"400868921",2016,15,"349","Army","ARMY","2426","Navy","NAVY","19","4","2426","Navy","NAVY","349","Army","ARMY",21,17,4,"4:07","2016-12-11T07:07:48Z","Punt",4,4,60,0,23,"Alex Barta punt for 37 yds, fair catch by Malik McGue at the Army 23"
"400868921",2016,15,"349","Army","ARMY","2426","Navy","NAVY","20","0","349","Army","ARMY","2426","Navy","NAVY",21,17,4,"3:40","2016-12-11T07:08:55Z","Rush",1,10,23,2,25,"Andy Davidson run for 2 yds to the Army 25"
"400868921",2016,15,"349","Army","ARMY","2426","Navy","NAVY","20","1","349","Army","ARMY","2426","Navy","NAVY",21,17,4,"3:00","2016-12-11T06:37:23Z","Rush",2,8,25,11,36,"Tyler Campbell run for 11 yds to the Army 36 for a 1ST down"
"400868921",2016,15,"349","Army","ARMY","2426","Navy","NAVY","20","2","349","Army","ARMY","2426","Navy","NAVY",21,17,4,"2:20","2016-12-11T06:37:23Z","Rush",1,10,36,8,44,"Darnell Woolfolk run for 8 yds to the Army 44"
"400868921",2016,15,"349","Army","ARMY","2426","Navy","NAVY","20","3","349","Army","ARMY","2426","Navy","NAVY",21,17,4,"1:49","2016-12-11T06:37:23Z","Rush",2,2,44,1,45,"Andy Davidson run for 1 yd to the Army 45"
"400868921",2016,15,"349","Army","ARMY","2426","Navy","NAVY","20","4","349","Army","ARMY","2426","Navy","NAVY",21,17,4,"1:49","2016-12-11T07:10:59Z","Timeout",3,1,45,0,45,"Timeout NAVY, clock 01:49"
"400868921",2016,15,"349","Army","ARMY","2426","Navy","NAVY","20","5","349","Army","ARMY","2426","Navy","NAVY",21,17,4,"1:45","2016-12-11T07:13:17Z","Rush",3,1,45,2,47,"Ahmad Bradshaw run for 2 yds to the Army 47 for a 1ST down"
"400868921",2016,15,"349","Army","ARMY","2426","Navy","NAVY","20","6","349","Army","ARMY","2426","Navy","NAVY",21,17,4,"1:02","2016-12-11T07:14:00Z","Rush",1,10,47,-1,46,"TEAM run for a loss of 1 yard to the Army 46"
"400868921",2016,15,"349","Army","ARMY","2426","Navy","NAVY","20","7","349","Army","ARMY","2426","Navy","NAVY",21,17,4,"0:45","2016-12-11T07:14:17Z","Rush",2,11,46,-1,45,"TEAM run for a loss of 1 yard to the Army 45"
"400868921",2016,15,"349","Army","ARMY","2426","Navy","NAVY","20","8","349","Army","ARMY","2426","Navy","NAVY",21,17,4,"0:02","2016-12-11T07:15:00Z","Rush",3,12,45,-1,44,"TEAM run for a loss of 1 yard to the Army 44"
"400868921",2016,15,"349","Army","ARMY","2426","Navy","NAVY","20","9","349","Army","ARMY","2426","Navy","NAVY",21,17,4,"0:00","2016-12-11T07:15:04Z","End of Game",0,12,0,0,44,"End of 4th Quarter"